price,title,condition
US $7.98,"26"" & 18"" INCH Bracketless Windshield Wiper Blades J-HOOK OEM QUALITY",New
US $26.95,"2 NEW RAIN-X REPEL LATITUDE BEAM  WIPER BLADES 24"" 20""",New
US $16.95,"AERO 28"" + 17"" ALL SEASON PREMIUM OEM BRACKETLESS WINDSHIELD WIPER BLADES (2PCS)",New
US $26.93,BMW Windshield Wiper Blades Blade Set Bosch OEM 07452 / 15881,New
US $25.50,BOSCH WIPER BLADES CLEAR ADVANTAGE 26 & 17 Front Left and Right Set ,New
US $10.99,"Windshield Wiper Blades J-HOOK 22"" & 19"" Bracketless OEM Quality",New
US $12.99,"All season Bracketless J-HOOK Windshield Wiper Blades OEM QUALITY 20"" & 20"" RAM",New
US $29.98,07-17 TUNDRA Front Wiper Blade Set NEW genuine Toyota  TCMC OEM  SIGHTLINE Type ,New
US $8.35,"Pair Windshield Wiper Blades J-hook Quality 22"" & 20"" Inch Bracketless Frameless",New
US $20.85,"3 Rain X Weatherbeater Metal Frame Wiper Blades size 22"" & 22"" & 16""",New
US $18.75,Bosch Direct Connect Wiper Blade Size 24 & 19 Front Left and Right Set,New
US $8.72,"Pair Windshield Wiper Blades J-hook Quality 22"" & 22"" Inch Bracketless Frameless",New
US $9.99,"2x 22"" 22"" Car Front Windshield Wiper Blade Bracketless for Audi A6 C6 2005-2011",New
US $18.00,TRICO HD 63-181 2LOT AND 1 61-150 WINDSHIELD WIPER BLADES,New other (see details)
US $12.99,"All season Bracketless J-HOOK Windshield Wiper Blades OEM QUALITY 26"" & 18""",New
US $12.92,Rear Wiper Arm + Blade Set for 2008-2009 Dodge Caravan Chrysler Town & Country,New
US $9.99,"26""14"" Car Front Windshield Wiper Blade Bracketless for Toyota Corolla 2014-2016",New
US $27.22,"BMW Windshield Wiper Blades, Blade Set Bosch OEM 18955/31438",New
US $17.99,"Hybrid Windshield Wiper Blades silicone Bracketless J-HOOK OEM QUALITY 22"" 22"" ",New
US $9.99,2Pcs Car Front Windshield Wiper Blade Bracketless for BMW 5-Series 2010-2015 F10,New
US $9.99,"24"" 20"" Car Front Windshield Wiper Blade Bracketless for BMW X5 2007-2011 E70",New
US $9.99,"ALL SEASON 21"" + 19"" PREMIUM JHOOK BRACKETLESS WINDSHIELD WIPER BLADES 2 PIECES",New
US $17.99,Rear Window Windshield Wiper Blade & Arm for JEEP Grand Cherokee 2006 - 2009,New
US $9.99,2Pcs Car Front Windshield Wiper Blade Bracketless for BMW 5-Series 2003-2009 E60,New
US $18.00,For Jeep Grand Cherokee 2005-2010 Rear Wiper Arm With blade Set New OEM,New
US $34.53,Mercedes-Benz Windshield Wiper Blades Blade Set Bosch OEM 2510845 (VIN#REQUIRED),New
US $32.00,LAND ROVER RANGE 03-12 FRONT & REAR WIPER BLADE SET x3 DKC000040 LR012047 NEW,New
US $9.99,Trico Windshield Wiper Blades 16-280,New
US $13.25,"2  Rain X Weatherbeater Metal Frame Wiper Blades size 18"" & 24""",New
US $12.99,"All season Bracketless J-HOOK Windshield Wiper Blades OEM Premium 26""+ 17""(2PCS)",New
US $30.26,Mercedes-Benz Windshield Wiper Blades Blade Set Bosch OEM 2041945 (VIN#REQUIRED),New
US $12.99,"All season Bracketless J-HOOK Windshield Wiper Blades OEM Premium 26""+ 16""(2PCS)",New
US $7.95,"Pair Windshield Wiper Blades J-hook Quality 21"" & 19"" Inch Bracketless Frameless",New
US $12.99,"All season Bracketless J-HOOK Windshield Wiper Blades OEM Premium 24""+ 18""(2PCS)",New
US $12.99,"All season Bracketless J-HOOK Windshield Wiper Blades OEM QUALITY 22"" & 22"" ",New
US $23.95,BOSCH WIPER BLADES CLEAR ADVANTAGE 22 & 20 Front Left and Right Set,New
US $29.95,"2 New Rain-x Repel Latitude Wiper Blades 22""",New
US $8.55,"Pair Windshield Wiper Blades J-hook Quality 24"" & 22"" Inch Bracketless Frameless",New
US $24.29,Audi Mercedes Front Windshield Wiper Blade Original Equipment 2038202545,New
US $10.49,"2x 26""&19"" Bracketless Windshield Wiper Blade For 2008-2013 Honda Accord",New
US $12.99,"All season Bracketless J-HOOK Windshield Wiper Blades OEM Premium 24""+ 24""(2PCS)",New
US $10.99,"ALL SEASON 24"" & 19"" PREMIUM JHOOK BRACKETLESS WINDSHIELD WIPER BLADES 2 PIECES",New
US $10.99,"ALL SEASON 24""+21"" PREMIUM JHOOK BRACKETLESS WINDSHIELD WIPER BLADES 2 PIECES.",New
US $10.99,"Windshield Wiper Blades J-HOOK 24"" & 19"" Bracketless OEM Quality",New
US $12.99,"All season Bracketless J-HOOK Windshield Wiper Blades OEM QUALITY 24"" & 20"" ",New
US $8.35,"Pair Windshield Wiper Blades J-hook Quality 24"" & 20"" Inch Bracketless Frameless",New
US $10.99,"All season Bracketless J-HOOK Windshield Wiper Blades OEM QUALITY 26"" & 14"" ",New
US $29.59,GM OEM Wiper Blade SET (2) 07-14 Silverado Sierra Tahoe Yukon Suburban 25877402,New
US $48.99,"Mercedes-Benz C CLK Class Genuine Front Window, Windshield Wiper Blade Set NEW",New
US $14.95,"AERO 24"" + 18"" ALL SEASON PREMIUM OEM BRACKETLESS WINDSHIELD WIPER BLADES (2PCS)",New
